Genre Group,Count
Drama,8731
Comedy,5949
Documentary,5670
Comedy/Drama,2876
Drama/Romance,2590
Comedy/Drama/Romance,2093
Comedy/Romance,1989
Horror,1880
Thriller,1445
Drama/Thriller,1266
Action/Crime/Drama,1252
Crime/Drama/Mystery,1220
Action/Adventure/Animation,1188
Crime/Drama,1119
Reality-TV,1089
Crime/Drama/Thriller,1033
Horror/Thriller,1030
Adventure/Animation/Comedy,959
Romance,847
Action,817
Action/Drama,704
Action/Adventure/Drama,669
Horror/Mystery/Thriller,612
Western,593
Action/Adventure/Comedy,588
Drama/Mystery/Thriller,571
Action/Thriller,548
Comedy/Crime/Drama,543
Comedy/Drama/Family,520
Drama/Horror/Mystery,517
Crime/Documentary,514
Action/Comedy/Crime,492
Family,489
Comedy/Horror,477
Drama/Family,471
Biography/Drama/History,457
Action/Drama/Thriller,450
Action/Crime/Thriller,447
Documentary/Music,439
Biography/Documentary,416
Crime,405
Documentary/History,399
Animation,396
Drama/War,393
Drama/Horror/Thriller,391
Biography/Drama,379
Comedy/Family,343
Comedy/Documentary,331
Documentary/Sport,330
Comedy/Crime,319
Animation/Comedy/Family,319
Crime/Thriller,312
Drama/Western,305
Action/Comedy,303
Action/Comedy/Drama,301
Drama/History,292
Drama/Fantasy/Horror,267
Comedy/Drama/Fantasy,266
Adventure/Animation/Family,263
Action/Adventure/Fantasy,262
Biography/Documentary/History,261
Biography/Crime/Drama,247
Animation/Comedy/Drama,246
Horror/Sci-Fi,243
Mystery/Thriller,237
Drama/Sport,235
Animation/Family,234
Drama/Mystery,229
Action/Adventure/Sci-Fi,226
Horror/Mystery,224
Action/Drama/Romance,224
Adventure/Comedy/Family,223
Adventure/Comedy/Drama,223
Crime/Mystery/Thriller,218
Comedy/Drama/Music,217
Adventure,215
Action/Adventure/Crime,214
Action/Animation/Comedy,211
Crime/Drama/Romance,208
Mystery,205
Sci-Fi,205
Drama/Horror,204
Action/Crime,191
Drama/Romance/Thriller,188
Action/Drama/History,185
Documentary/Short,184
Drama/Music,182
Crime/Drama/Horror,180
Adventure/Drama,177
Biography/Documentary/Music,175
Drama/Short,174
Drama/Mystery/Romance,169
Action/Sci-Fi,163
Drama/History/War,160
Horror/Sci-Fi/Thriller,160
Action/Adventure,156
Adventure/Drama/Family,154
Action/Sci-Fi/Thriller,154
Animation/Comedy,153
Biography/Drama/Music,153
Drama/History/Romance,152
Drama/Fantasy,148
Adventure/Family/Fantasy,147
Drama/Family/Romance,147
Comedy/Fantasy,144
Drama/Fantasy/Romance,142
Drama/Musical/Romance,140
Drama/Sci-Fi,140
Comedy/Family/Fantasy,138
Drama/Music/Romance,138
Action/Horror/Sci-Fi,136
Comedy/Drama/Musical,136
Crime/Drama/Film-Noir,132
Documentary/History/War,130
Biography/Comedy/Drama,129
Documentary/Drama,129
Action/Animation/Drama,129
Comedy/Music,128
Game-Show/Reality-TV,127
Comedy/Fantasy/Romance,127
Music,126
Comedy/Fantasy/Horror,126
Comedy/Family/Romance,124
Action/Adventure/Thriller,123
Biography/Drama/Romance,122
Animation/Comedy/Fantasy,119
Drama/Mystery/Sci-Fi,119
Action/Comedy/Horror,118
Biography/Drama/Sport,118
Comedy/Crime/Mystery,115
Adventure/Family,114
Action/Drama/Fantasy,114
Comedy/Drama/Mystery,113
Action/Drama/War,113
Drama/Romance/War,112
Biography/Crime/Documentary,111
Drama/Fantasy/Mystery,110
Comedy/Musical,110
Action/Adventure/Horror,109
Drama/Sci-Fi/Thriller,109
Crime/Horror/Mystery,107
Biography/Documentary/Drama,106
Biography/Documentary/Sport,105
Adventure/Animation/Drama,105
Comedy/Sci-Fi,103
Comedy/Musical/Romance,102
Crime/Drama/History,101
Action/Horror/Thriller,101
History,100
Musical,99
Sci-Fi/Thriller,98
Crime/Horror/Thriller,98
Drama/Music/Western,97
Comedy/Horror/Sci-Fi,94
Action/Animation/Fantasy,93
Adventure/Comedy,92
Comedy/Sport,92
Adventure/Drama/Fantasy,92
Biography,91
Comedy/Horror/Thriller,91
Comedy/Thriller,91
Animation/Family/Fantasy,91
Action/Drama/Sci-Fi,89
Animation/Short,89
Drama/Musical,88
Comedy/Drama/Horror,88
Comedy/Drama/Sport,87
Adventure/Drama/Romance,87
Family/Fantasy,86
Fantasy,86
Fantasy/Horror,86
Action/Animation/Sci-Fi,86
Action/Drama/Mystery,85
Documentary/Reality-TV,84
Horror/Mystery/Sci-Fi,84
Drama/Horror/Sci-Fi,83
Action/Drama/Horror,80
Comedy/Drama/Thriller,79
Comedy/Crime/Thriller,76
Action/Horror,75
Action/Comedy/Fantasy,74
Short,74
Crime/Documentary/History,74
Action/Comedy/Romance,73
Action/Fantasy/Horror,73
Adventure/Drama/History,73
Animation/Comedy/Romance,72
Drama/Family/Fantasy,72
Crime/Mystery,72
Adventure/Comedy/Fantasy,71
Comedy/Short,71
Adventure/Comedy/Crime,71
Adventure/Documentary,70
Action/Biography/Drama,70
Action/Crime/Mystery,70
Action/Adventure/Family,69
Comedy/Horror/Mystery,68
Documentary/War,67
Adventure/Animation/Fantasy,66
Action/Comedy/Thriller,65
Fantasy/Horror/Mystery,64
Adventure/Biography/Drama,64
Adventure/Fantasy,63
Drama/History/Thriller,63
Crime/Drama/Fantasy,61
Action/Drama/Western,61
Comedy/Western,61
Animation/Drama/Fantasy,60
Comedy/Music/Romance,58
Adventure/Drama/Thriller,58
Sport,58
Game-Show,58
Comedy/Crime/Romance,56
Documentary/Drama/History,55
Romance/Thriller,55
Adventure/Crime/Drama,54
Comedy/Drama/History,54
Action/Animation/Crime,54
Drama/Romance/Sci-Fi,53
War,53
Documentary/Family,53
Comedy/Drama/Sci-Fi,52
Fantasy/Horror/Thriller,50
Horror/Short,50
Animation/Drama/Family,50
Talk-Show,49
Documentary/News,49
Documentary/Horror,48
Comedy/Mystery,47
Reality-TV/Romance,47
Action/Drama/Sport,46
Drama/Horror/Romance,45
Action/Crime/Horror,44
Mystery/Sci-Fi/Thriller,44
Drama/Thriller/War,44
Comedy/Family/Musical,44
Crime/Documentary/Mystery,43
Action/War,43
Action/Romance,43
Comedy/Crime/Horror,43
Biography/Drama/War,43
Adventure/Drama/Mystery,42
Comedy/Reality-TV,42
Adventure/Drama/Horror,42
Action/Biography/Crime,42
Drama/Romance/Sport,41
Family/Romance,41
Biography/Comedy/Documentary,41
Action/Comedy/Family,40
Animation/Drama/Romance,40
Adventure/Comedy/Romance,40
Drama/Family/Sport,40
Action/Fantasy,39
Adventure/Drama/Sci-Fi,39
Action/Comedy/Sci-Fi,38
Documentary/History/Music,38
Comedy/Drama/War,38
Action/Adventure/Mystery,38
Action/Drama/Family,38
Action/Fantasy/Sci-Fi,38
Action/Horror/Mystery,38
Biography/Drama/Family,38
Adventure/Sci-Fi,37
Drama/Romance/Western,37
Action/Mystery/Thriller,36
Fantasy/Romance,35
Animation/Drama,34
Musical/Romance,34
Crime/Documentary/Drama,34
Animation/Family/Short,33
Action/Crime/Sci-Fi,32
Drama/Family/Musical,32
Animation/Fantasy,32
Animation/Comedy/Sci-Fi,32
Comedy/Talk-Show,31
Adventure/Drama/Western,31
Action/Western,31
Comedy/Documentary/Drama,31
Comedy/Crime/Family,31
Adventure/Biography/Documentary,30
Comedy/Romance/Sport,30
Action/Adventure/Romance,30
Fantasy/Horror/Sci-Fi,30
Animation/Sport,29
Crime/Drama/Music,29
Adventure/Fantasy/Horror,29
Adventure/Animation,29
Adventure/Drama/War,28
Comedy/Mystery/Thriller,27
Comedy/History,27
Biography/Drama/Thriller,27
Adventure/Comedy/Sci-Fi,27
Biography/Comedy/Crime,27
Animation/Comedy/Short,27
Drama/Family/Music,27
Adventure/Comedy/Horror,27
Animation/Family/Musical,27
Drama/Fantasy/Sci-Fi,27
Action/Adventure/Biography,27
Comedy/Horror/Romance,26
Adventure/Horror,26
Crime/Mystery/Romance,26
Comedy/War,26
Comedy/Romance/Sci-Fi,26
Action/Adventure/History,26
Drama/Romance/Short,25
Documentary/History/Sport,25
Animation/Drama/Music,24
Adventure/Horror/Thriller,24
Action/Drama/Musical,24
Documentary/History/News,24
Adventure/Documentary/Drama,24
Action/Adventure/Documentary,23
Documentary/Drama/Sport,23
Mystery/Sci-Fi,23
Comedy/Drama/Short,22
Action/Romance/Thriller,22
Drama/Fantasy/Thriller,22
Action/Adventure/War,22
Action/Mystery/Sci-Fi,22
Animation/Drama/Sport,21
Adventure/Horror/Sci-Fi,21
Adventure/Western,21
Animation/Drama/Horror,21
Comedy/Family/Music,20
Drama/Family/Mystery,20
Animation/Sci-Fi,20
Animation/Comedy/Crime,20
Comedy/Fantasy/Sci-Fi,20
Drama/History/Mystery,20
Documentary/Drama/Family,19
Comedy/Mystery/Romance,19
Reality,19
Animation/Drama/Mystery,19
Comedy/Romance/Thriller,19
Comedy/Game-Show,19
Adventure/Thriller,19
Drama/Family/History,19
Adventure/Family/Sci-Fi,19
Comedy/Family/Sport,19
Crime/Romance/Thriller,19
Action/Thriller/War,19
Documentary/Sci-Fi,19
Drama/Family/Western,18
Crime/Reality-TV,18
Animation/Biography/Documentary,18
Game-Show/Reality-TV/Romance,18
Adventure/Horror/Mystery,18
Biography/Comedy,18
Drama/Thriller/Western,18
Animation/Crime/Drama,18
Crime/Drama/Sport,18
Mystery/Romance,18
Biography/History,18
Comedy/Family/Sci-Fi,17
Biography/Documentary/Family,17
Family/Fantasy/Musical,17
Drama/Fantasy/History,17
Adventure/Documentary/History,17
Comedy/Music/Musical,17
Adventure/Fantasy/Sci-Fi,17
Documentary/History/Mystery,17
Adventure/Documentary/Sport,16
Adventure/Animation/Sci-Fi,16
Biography/Drama/Mystery,16
Drama/Family/Thriller,16
Comedy/Drama/Western,16
Family/Music,16
Crime/Drama/Family,16
History/War,16
Family/Sci-Fi,16
Adventure/Romance,16
Action/Animation/Family,15
Animation/Drama/Short,15
Fantasy/Thriller,15
Action/Comedy/Mystery,15
Action/Crime/Romance,15
Short/Thriller,15
Romance/Western,15
Mystery/Romance/Thriller,15
Horror/Mystery/Romance,15
Action/Adventure/Western,14
Animation/Comedy/Music,14
Family/Reality-TV,14
Animation/Documentary,14
Adventure/Reality-TV,14
Fantasy/Sci-Fi,14
Drama/Music/Musical,14
Family/Sport,14
Drama/History/Western,14
Adventure/Family/Mystery,13
Drama/History/Sport,13
Crime/Drama/Sci-Fi,13
Comedy/Horror/Musical,13
Drama/Fantasy/Music,13
Action/Short,13
Action/Sport,13
Action/Fantasy/Thriller,13
Music/Reality-TV,13
Comedy/Fantasy/Musical,13
Adventure/Fantasy/Romance,13
Comedy/Horror/Music,13
Comedy/Documentary/Music,12
Crime/Horror,12
Biography/Drama/Musical,12
Drama/Film-Noir,12
Action/Animation/Horror,12
Animation/Drama/Sci-Fi,12
Action/Documentary/Drama,12
Animation/Family/Music,12
Drama/Short/Thriller,12
Drama/Reality-TV,12
Documentary/Drama/Fantasy,12
Biography/Documentary/Short,12
Horror/Romance,12
Horror/Romance/Thriller,12
Music/Romance,12
Animation/Music,12
Documentary/Short/Sport,12
Crime/Drama/Musical,11
Horror/Western,11
Comedy/Documentary/History,11
Animation/Drama/History,11
Animation/Fantasy/Romance,11
Animation/Family/Sci-Fi,11
Adventure/Game-Show/Reality-TV,11
Comedy/Crime/Fantasy,11
Action/Comedy/Sport,11
Adventure/Comedy/Documentary,11
Action/History/War,11
Documentary/Mystery,11
Animation/Comedy/Horror,11
Comedy/Romance/Western,11
Sci-Fi/Short,11
Documentary/Western,11
Fantasy/Mystery/Thriller,11
Action/Drama/Music,11
Action/History,11
Fantasy/Mystery/Romance,11
Action/Crime/Fantasy,11
Documentary/History/Short,11
Animation/Fantasy/Horror,11
Comedy/Fantasy/Music,11
Action/Documentary,10
Family/Western,10
Adventure/Documentary/Reality-TV,10
Comedy/Documentary/Family,10
Adventure/Crime/Mystery,10
Action/Animation/Sport,10
Drama/History/Horror,10
Documentary/Family/History,10
Family/Game-Show,10
Drama/Horror/Western,10
Family/Fantasy/Romance,10
Animation/Documentary/History,10
Family/Short,10
Action/Animation,10
Family/Drama,9
Comedy/Sci-Fi/Thriller,9
Crime/Drama/Western,9
Drama/History/Music,9
Action/Comedy/History,9
Drama/Music/Mystery,9
Adventure/Sci-Fi/Thriller,9
Comedy/History/Romance,9
Action/Biography/Documentary,9
Action/Romance/Western,9
Drama/Film-Noir/Mystery,9
Documentary/Musical,9
Drama/Fantasy/Short,9
Comedy/Game-Show/Reality-TV,9
Crime/Documentary/Sport,9
Crime/Documentary/Thriller,9
Romance/Short,9
Fantasy/Horror/Romance,9
Animation/Family/History,9
Crime/Documentary/Reality-TV,8
Documentary/History/Sci-Fi,8
Crime/Drama/Short,8
Documentary/Drama/Music,8
Adventure/Comedy/Musical,8
Documentary/Talk-Show,8
Action/Comedy/Documentary,8
Action/Comedy/Western,8
Animation/Comedy/Musical,8
Drama/Comedy,8
Animation/Biography/Drama,8
Adventure/History,8
Romance/Sci-Fi,8
Action/Comedy/Musical,8
Adventure/Comedy/Music,8
Romance/Drama,8
Drama/Fantasy/Musical,8
Animation/Musical,8
Adventure/Drama/Music,8
Adventure/Documentary/Family,8
Documentary/Horror/Mystery,8
Action/Fantasy/Romance,8
Drama/Film-Noir/Thriller,8
Comedy/Horror/Short,8
Drama/Family/Sci-Fi,7
Adventure/Crime,7
Horror/Musical,7
Comedy/Crime/Musical,7
Crime/Drama/War,7
Adventure/Crime/Family,7
Drama/Family/War,7
Fantasy/Mystery/Sci-Fi,7
Fantasy/Short,7
Documentary/Reality-TV/Sport,7
Horror/Thriller/Western,7
Drama/War/Western,7
Documentary/Drama/Short,7
Crime/Sci-Fi/Thriller,7
Comedy/Fantasy/Mystery,7
Adventure/War,7
Horror/Reality-TV,7
Action/Mystery,7
Drama/Sport/Thriller,7
Crime/Documentary/Music,7
Drama/History/Musical,7
Action/Family,7
Comedy/Mystery/Sci-Fi,7
Drama/Family/Short,7
Drama/Horror/Short,7
Crime/Mystery/Sci-Fi,7
Family/Musical,7
Animation/Comedy/Sport,7
Crime/Film-Noir/Thriller,7
Adventure/Mystery/Sci-Fi,7
Game-Show/Music,7
Documentary/Drama/News,7
Thriller/Western,6
News,6
Family/Fantasy/Sci-Fi,6
Documentary/Romance,6
Biography/Drama/Horror,6
Music/Musical,6
Animation/Horror/Short,6
Adventure/History/War,6
Adventure/Mystery/Thriller,6
Drama/Musical/Mystery,6
Crime/Horror/Romance,6
Animation/Mystery,6
Biography/Drama/Western,6
Action/Animation/Mystery,6
Family/Fantasy/Mystery,6
Animation/Horror,6
Drama/Sci-Fi/Short,6
Documentary/Fantasy,6
Comedy/Crime/Music,6
Animation/Fantasy/Music,6
Documentary/History/Reality-TV,6
Drama/Film-Noir/Romance,6
Adventure/History/Romance,6
Action/Game-Show/Reality-TV,6
Biography/Documentary/News,6
Adventure/Family/Romance,6
Fantasy/Mystery,6
Adventure/Comedy/History,6
Adventure/Fantasy/Mystery,6
Adventure/Biography/Comedy,6
Documentary/Drama/War,6
Crime/Fantasy/Horror,6
Music/Short,6
Animation/Comedy/Documentary,5
Biography/Documentary/War,5
Animation/Horror/Mystery,5
Drama/Music/Sci-Fi,5
Crime/Documentary/Horror,5
Crime/Documentary/News,5
Animation/Fantasy/Sci-Fi,5
Animation/Family/Mystery,5
Adventure/Comedy/War,5
Documentary/History/Horror,5
Mystery/Western,5
Action/History/Thriller,5
Family/Game-Show/Reality-TV,5
Crime/Horror/Sci-Fi,5
Action/Biography/Comedy,5
Action/Crime/Documentary,5
Horror/Music/Mystery,5
Adventure/Family/Western,5
Documentary/Mystery/Sci-Fi,5
Action/Horror/War,5
Comedy/Family/Mystery,5
Adventure/Comedy/Thriller,5
Action/Crime/History,5
Animation/Documentary/Short,5
Reality-TV/Sport,5
Action/Documentary/History,5
Animation/Comedy/Mystery,5
Adventure/Animation/Crime,5
Family/Musical/Romance,5
Action/Comedy/Music,5
Animation/Sci-Fi/Short,5
Comedy/News/Talk-Show,5
Thriller/War,5
Comedy/Fantasy/Thriller,5
Drama/Music/Thriller,5
Drama/Horror/Music,5
Drama/Mystery/War,5
Crime/Documentary/War,5
Comedy/Documentary/Reality-TV,5
Romance/Comedy,5
Action/Comedy/War,5
Comedy/Romance/War,5
Crime/Romance,5
Documentary/Short/War,5
Documentary/Game-Show/Reality-TV,5
War/Western,5
Action/Mystery/Romance,5
Biography/Drama/Fantasy,5
Documentary/Drama/Mystery,5
Crime/Film-Noir/Mystery,5
Fantasy/Sci-Fi/Thriller,5
Adventure/Documentary/News,5
Comedy/Family/Talk-Show,5
Documentary/Family/Short,4
Adventure/Animation/Short,4
Comedy/Family/Short,4
Adventure/Biography/History,4
Comedy/Family/Horror,4
Drama/History/Sci-Fi,4
Crime/Family/Mystery,4
Comedy/Musical/War,4
Horror/Thriller/War,4
Drama/Mystery/Western,4
Documentary/Family/Music,4
Documentary/Family/News,4
Horror/Music/Thriller,4
Action/Horror/Romance,4
Documentary/Horror/Thriller,4
Family/Mystery,4
Biography/History/War,4
Action/Animation/Romance,4
Biography/Music,4
Animation/Fantasy/Mystery,4
Game-Show/Music/Reality-TV,4
Adventure/Drama/Sport,4
Documentary/Music/Short,4
Documentary/Reality-TV/Romance,4
Action/Musical/Romance,4
Documentary/Drama/Horror,4
Comedy/Family/Western,4
Documentary/Game-Show,4
Fantasy/History/Romance,4
Biography/Musical,4
Comedy/Music/Sport,4
Adult/Animation/Romance,4
Biography/Sport,4
Action/Sci-Fi/Sport,4
Animation/Family/Sport,4
Horror/Short/Thriller,4
Drama/Short/Sport,4
Biography/Documentary/Mystery,4
Documentary/Drama/Romance,4
Horror/Romance/Sci-Fi,4
Adventure/Biography,4
Comedy/Musical/Sci-Fi,4
History/Romance,4
Action/Thriller/Western,4
Family/Fantasy/Music,4
Action/Documentary/Family,4
Fantasy/Romance/Thriller,4
Drama/Fantasy/War,4
Action/Family/Sci-Fi,4
Adventure/Drama/Musical,4
Adventure/Mystery,4
Adventure/Comedy/Mystery,4
Action/Animation/History,4
Drama/Mystery/Short,4
Action/Biography/History,4
Adventure/Documentary/Short,4
Short/Western,4
Crime/History,3
Animation/Horror/Sci-Fi,3
Musical/Mystery/Thriller,3
Drama/Reality-TV/Romance,3
Action/Comedy/Reality-TV,3
Action/Romance/Sci-Fi,3
Adventure/Comedy/Game-Show,3
Documentary/Fantasy/History,3
Fantasy/War,3
Adult/Animation/Drama,3
Animation/Mystery/Thriller,3
Drama/Sci-Fi/War,3
Adventure/Mystery/Romance,3
Reality/Documentary,3
Animation/Mystery/Sci-Fi,3
Biography/Documentary/Musical,3
Animation/Family/Romance,3
Family/Music/Short,3
Documentary/Family/Reality-TV,3
Family/Music/Romance,3
Drama/Action,3
Action/Documentary/Sport,3
Adventure/Animation/Biography,3
News/Talk-Show,3
Family/Thriller,3
Biography/Music/Romance,3
Documentary/Family/Sport,3
Drama/Fantasy/Sport,3
Animation/Music/Sport,3
Adventure/Biography/Crime,3
Adventure/Animation/Music,3
Biography/Crime/History,3
Animation/Romance,3
Horror/Mystery/Short,3
Musical/Romance/Western,3
Horror/Music,3
Musical/Romance/Thriller,3
Mystery/Romance/Sci-Fi,3
Comedy/Fantasy/History,3
Romance/War,3
Adventure/Comedy/Western,3
Crime/Family,3
Comedy/Crime/Documentary,3
History/Thriller,3
Biography/Documentary/Romance,3
Documentary/Drama/Western,3
Comedy/Documentary/Horror,3
Family/Fantasy/Horror,3
Comedy/Crime/Sci-Fi,3
Animation/Romance/Short,3
Animation/Drama/War,3
Comedy/Romance/Short,3
Adventure/Comedy/Reality-TV,3
Adventure/Fantasy/History,3
Drama/History/Short,3
Crime/Fantasy/Mystery,3
Crime/Sci-Fi,3
Adventure/Romance/Western,3
Animation/Comedy/History,3
Biography/Comedy/Romance,3
Animation/Biography/Comedy,3
Mystery/Short,3
Animation/Documentary/Drama,3
Action/Reality-TV,3
Comedy/Family/History,3
Horror/War,3
Family/Music/Reality-TV,3
Comedy/Reality-TV/Romance,3
Action/Crime/Sport,3
Adventure/Family/Musical,3
Drama/Family/Horror,3
Comedy/Music/Talk-Show,3
Comedy/Music/Mystery,3
Comedy/Crime/Sport,3
Adventure/Crime/Thriller,3
Game-Show/Reality-TV/Sport,3
Biography/Thriller,3
Crime/Music/Mystery,3
Comedy/News,3
Biography/Family/Sport,2
History/Horror/Thriller,2
Adventure/Family/History,2
Family/Reality,2
Animation/Crime/Horror,2
Adventure/Drama/Short,2
Crime/Family/Romance,2
Adventure/Comedy/Sport,2
Crime/Musical,2
Drama/Fantasy/Western,2
Animation/Mystery/Short,2
Documentary/Fantasy/Mystery,2
Animation/Documentary/Music,2
Comedy/Documentary/News,2
Biography/Short,2
Comedy/Short/Thriller,2
Comedy/Fantasy/Short,2
Comedy/Musical/Short,2
Comedy/Family/War,2
Comedy/Family/Thriller,2
Drama/Musical/Thriller,2
History/Reality-TV,2
Family/Reality-TV/Talk-Show,2
Crime/Short,2
Reality-TV/Talk-Show,2
Documentary/Thriller,2
Action/Family/Mystery,2
Biography/Documentary/Sci-Fi,2
Action/History/Romance,2
Comedy/Music/War,2
Documentary/Horror/Sci-Fi,2
History/Mystery/Thriller,2
TV Movie,2
Action/Animation/War,2
Documentary/Horror/Reality-TV,2
Animation/Crime/Documentary,2
Short/War,2
Adventure/Family/Game-Show,2
Reality-TV/Western,2
Adventure/Documentary/Romance,2
Romance/Drama/Family,2
Thriller/Crime,2
Family/Drama/Romance,2
Action/Adventure/Game-Show,2
Biography/Documentary/Thriller,2
Documentary/Music/News,2
Animation/Fantasy/Short,2
Adventure/Music,2
Adventure/Animation/Mystery,2
Biography/Documentary/Western,2
Documentary/Reality,2
Drama/Crime,2
Adventure/Fantasy/Thriller,2
Drama/Horror/Musical,2
Adventure/Family/Reality-TV,2
Crime/Documentary/Family,2
Drama/Horror/War,2
Documentary/Music/Musical,2
Crime/Action,2
Adventure/Music/Sci-Fi,2
Crime/Mystery/Reality-TV,2
Biography/History/Romance,2
Sport/Thriller,2
Adventure/History/Western,2
History/Horror,2
Biography/Comedy/History,2
Romance/Sci-Fi/Thriller,2
Documentary/Mystery/Reality-TV,2
Horror/Sci-Fi/Short,2
Musical/Western,2
Action/Horror/Short,2
Adventure/Mystery/Reality-TV,2
Adventure/Crime/Sci-Fi,2
Biography/Crime/Thriller,2
Action/Crime/Musical,2
Family/Horror/Sci-Fi,2
Animation/Sport/Thriller,2
Comedy/Drama/Reality-TV,2
Action/Fantasy/Mystery,2
Action/Fantasy/Western,2
Action/Fantasy/Musical,2
Adventure/Documentary/Mystery,2
Action/Sport/Thriller,2
History/Western,2
Romance/Thriller/War,2
Adventure/Crime/Romance,2
Action/Sci-Fi/Western,2
Adventure/Drama/Film-Noir,2
Documentary/History/Western,2
Music/Talk-Show,2
Animation/Music/Musical,2
Biography/Comedy/Music,2
Adventure/War/Western,2
Fantasy/History,2
Game-Show/Horror/Reality-TV,2
Drama/Game-Show/Reality-TV,2
Documentary/Music/Thriller,2
Biography/Horror,2
TV Movie/Comedy/Drama/Romance,2
Animation/Fantasy/Thriller,2
Action/Family/Romance,2
Comedy/Family/Game-Show,2
Action/Fantasy/Short,2
Animation/Comedy/Talk-Show,2
Action/Animation/Music,2
Action/Animation/Thriller,2
Fantasy/History/Horror,2
Comedy/Horror/Western,2
Animation/Biography,2
Comedy/Horror/Reality-TV,2
Action/Adventure/Music,2
Action/Drama/Short,2
Fantasy/Horror/Short,2
Comedy/Musical/Mystery,2
Action/Adventure/Short,2
Animation/Short/Thriller,2
Film-Noir/Thriller,2
Biography/Family,2
Comedy/Crime/History,2
Adventure/Biography/War,2
Action/Biography,2
Biography/Comedy/Musical,2
Crime/Film-Noir,2
Adventure/Short,2
Drama/Short/War,2
Adventure/Crime/Horror,2
Comedy/History/War,2
Adventure/Documentary/Horror,2
Crime/Music/Thriller,2
Adventure/Animation/History,2
Film-Noir/Mystery,2
Music/Sci-Fi,2
Adventure/Romance/Thriller,2
Horror/Mystery/Reality-TV,2
Crime/Fantasy,2
Comedy/Documentary/Musical,2
Adventure/Family/Sport,2
Action/History/Western,2
Musical/Short,2
Drama/Musical/War,2
Adventure/Fantasy/Musical,1
Crime/Fantasy/Sci-Fi,1
Comedy/Short/War,1
Crime/Mystery/Western,1
Documentary/Reality-TV/Talk-Show,1
Animation/Adventure/Family,1
Animation/Music/Romance,1
Animation/Documentary/Mystery,1
Animation/Sci-Fi/War,1
Adventure/Documentary/Music,1
Family/Horror/Thriller,1
Action/Family/Horror,1
Comedy/Reality-TV/Sport,1
Documentary/News/Sport,1
History/Horror/Mystery,1
Animation/Family/War,1
History/Sci-Fi/Thriller,1
Comedy/Soap,1
Adventure/Short/Western,1
Animation/Documentary/War,1
Fantasy/Short/Thriller,1
Adventure/Family/Music,1
Family/Mystery/Sport,1
Crime/Thriller/Western,1
Documentary/Horror/Short,1
Mystery/Thriller/Horror,1
Animation/Music/Sci-Fi,1
Family/Talk-Show,1
Biography/Fantasy/Horror,1
Fantasy/Musical/Western,1
Family/Reality-TV/Short,1
Adventure/History/Horror,1
Film-Noir/Mystery/Romance,1
Adventure/Film-Noir/Romance,1
Biography/History/Thriller,1
Comedy/Reality-TV/Short,1
Fantasy/Horror/Musical,1
Musical/Mystery/Sci-Fi,1
Crime/Fantasy/History,1
History/Sport,1
Comedy/History/Reality-TV,1
Family/Game-Show/Music,1
Music/Drama,1
Comedy/History/Musical,1
Drama/Sport/War,1
Fantasy/Musical/Romance,1
History/Musical,1
Horror/Sport,1
Animation/Family/Western,1
Family/Reality-TV/Western,1
Adult/Animation/Comedy,1
Thriller/Comedy,1
Sci-Fi/War,1
Film-Noir/Horror/Thriller,1
Film-Noir/Mystery/Thriller,1
Adventure/Crime/Fantasy,1
Biography/History/Western,1
Crime/Documentary/Reality,1
Comedy/Documentary/War,1
Comedy/Game-Show/Talk-Show,1
Comedy/Music/Short,1
Animation/Fantasy/Adventure,1
Animation/Musical/Romance,1
Action/Crime/Reality-TV,1
Family/Musical/Short,1
Crime/Thriller/War,1
Action/Thriller/Drama/Science Fiction,1
Adventure/Musical/Romance,1
Adventure/Horror/Romance,1
Crime/Film-Noir/Sport,1
Fantasy/Music/Musical,1
Adventure/Reality-TV/Western,1
Musical/Reality-TV,1
Musical/Mystery/Romance,1
Drama/Horror/Reality-TV,1
Adventure/Documentary/Game-Show,1
Romance/Sport,1
Mystery/Reality-TV,1
Crime/History/Mystery,1
Crime/Reality/Documentary,1
Sci-Fi/Short/Thriller,1
Adventure/News,1
Documentary/Music/Mystery,1
Horror/Musical/Sci-Fi,1
Documentary/Drama/Reality-TV,1
Crime/Fantasy/Romance,1
Game-Show/Sport,1
Comedy/Thriller/War,1
Action/Crime/Family,1
Documentary/Family/Mystery,1
Action/Family/Sport,1
Action/Crime/Music,1
Crime/Drama/History/TV Movie,1
Comedy/Musical/Sport,1
Adventure/Animation/Romance,1
Crime/Music/Romance,1
History/Reality-TV/War,1
History/Short,1
Animation/Crime/Mystery,1
Horror/Mystery/Western,1
Music/Western,1
Biography/Family/Musical,1
Adventure/Music/Romance,1
History/Musical/Romance,1
Biography/Drama/Film-Noir,1
Romance/War/Western,1
Action/Documentary/War,1
Drama/Short/Western,1
Animation/Family/Horror,1
Animation/Family/Fantasy/Adventure,1
Animation/Adventure/Family/Fantasy,1
Mystery/TV Movie,1
Action/Crime/Film-Noir,1
Animation/Comedy/News,1
Family/Romance/Western,1
Action/Crime/War,1
Musical/War,1
Adventure/Horror/Short,1
Adventure/Mystery/War,1
Adventure/Biography/Romance,1
Comedy/Family/Reality-TV,1
Animation/Documentary/Sci-Fi,1
Comedy/Reality-TV/Talk-Show,1
Mystery/TV Movie/Crime/Drama,1
Fantasy/Horror/War,1
Music/Romance/Western,1
Fantasy/Reality-TV,1
Action/Musical/Mystery,1
Horror/Romance/Western,1
Action/Fantasy/History,1
Romance/Drama/Action/Family,1
Action/Romance/War,1
Adventure/Animation/Horror,1
Animation/Thriller,1
Fantasy/Romance/Sci-Fi,1
Comedy/Fantasy/Reality-TV,1
History/Romance/Western,1
Family/Mystery/Sci-Fi,1
Adventure/Crime/Documentary,1
Reality-TV/Thriller,1
Biography/History/Reality-TV,1
Adventure/Sci-Fi/Western,1
Comedy/Fantasy/Sport,1
Action/Music/Western,1
Music/Family/Drama,1
Comedy/Musical/Thriller,1
Animation/History/Horror,1
TV Movie/Crime/Mystery,1
Mystery/Thriller/Western,1
Crime/Mystery/Drama,1
Sci-Fi/Thriller/War,1
Comedy/Short/Talk-Show,1
Crime/Drama/Reality-TV,1
Documentary/Fantasy/Horror,1
Action/Romance/Short,1
Documentary/Music/Romance,1
Animation/History/Musical,1
Comedy/Thriller/Western,1
Biography/Documentary/Reality-TV,1
Comedy/Romance/Talk-Show,1
Family/Sci-Fi/Sport,1
Animation/Music/Mystery,1
History/War/Western,1
Music/Musical/Romance,1
Film-Noir/Horror,1
Adventure/Sport/Talk-Show,1
Comedy/Music/Thriller,1
Mystery/Crime/TV Movie,1
Comedy/Documentary/Talk-Show,1
Music/TV Movie,1
Documentary/Drama/Musical,1
Fantasy/Musical/Sci-Fi,1
Adventure/Family/Horror,1
Drama/Sci-Fi/Sport,1
Horror/Comedy,1
Animation/Comedy/Western,1
Action/Adventure/Musical,1
Romance/Family/Drama,1
Family/Drama/Comedy,1
Drama/Comedy/Family,1
Drama/Romance/Family,1
Drama/War/Romance,1
Animation/Family/Game-Show,1
Crime/News/Thriller,1
Family/Mystery/Short,1
Comedy/Sci-Fi/Western,1
Fantasy/Sci-Fi/Western,1
Crime/History/Thriller,1
Drama/Musical/Sport,1
Crime/Comedy,1
Biography/Comedy/Reality-TV,1
Documentary/Drama/Thriller,1
Comedy/Horror/Sport,1
Drama/Science Fiction,1
Fantasy/Horror/Reality-TV,1
Action/Fantasy/War,1
Fantasy/History/Sci-Fi,1
Documentary/Talk-Show/Thriller,1
Comedy/Documentary/Thriller,1
Action/Documentary/Sci-Fi,1
Drama/Crime/Thriller,1
Science Fiction/Comedy/Drama,1
Comedy/Crime/Short,1
Adventure/Fantasy/Western,1
Game-Show/Reality-TV/Thriller,1
Comedy/Musical/Western,1
Adventure/Animation/Documentary,1
Animation/Crime/Family,1
Biography/Horror/Thriller,1
Animation/Fantasy/History,1
Drama/Documentary,1
Biography/Reality-TV,1
Adventure/Reality-TV/Thriller,1
War/Drama,1
Animation/History,1
Adventure/Game-Show/Mystery,1
Game-Show/Musical,1
Documentary/Crime,1
Action/Sci-Fi/War,1
Crime/Documentary/Short,1
Animation/Game-Show,1
Family/Fantasy/Western,1
Adventure/Game-Show,1
Biography/History/Short,1
Music/Documentary/TV Movie,1
Animation/Romance/Sci-Fi,1
History/Sci-Fi,1
Documentary/History/Thriller,1
Adventure/History/Reality-TV,1
Animation/Sci-Fi/Thriller,1
Action/Drama/Game-Show,1
Animation/Drama/Thriller,1
Comedy/Game-Show/Music,1
Family/Animation,1
Animation/Documentary/Family,1
Biography/History/Sport,1
Adventure/Game-Show/Horror,1
Sci-Fi/Western,1
Comedy/Documentary/Western,1
Biography/History/Mystery,1
Documentary/Family/Western,1
Action/Family/War,1
Biography/Crime/Horror,1
Action/Adventure/Reality-TV,1
Comedy/Game-Show/Horror,1
Drama/Action & Adventure,1
Reality-TV/Sci-Fi,1
Comedy/Romance/Drama,1
Animation/Kids,1
Biography/Documentary/Horror,1
Game-Show/Romance,1
Thriller/Crime/Drama,1
Crime/Horror/Musical,1
Drama/History/Action,1
Crime/Drama/Romance/Comedy,1
Drama/Music/War,1
Family/Game-Show/Sport,1
Horror/Talk-Show,1
Biography/Thriller/War,1
Crime/History/Reality-TV,1
Documentary/Sport/Talk-Show,1
Adult/Animation,1
Documentary/News/Romance,1
Crime/Fantasy/Thriller,1
History/Horror/Romance,1
Documentary/Family/Musical,1
Crime/Horror/Music,1
Family/Horror/Mystery,1
Documentary/Family/Fantasy,1
Adventure/Documentary/Western,1
Adult/Animation/Fantasy,1
Science Fiction/Drama/Fantasy,1
Crime/Game-Show/Reality-TV,1
Fantasy/Mystery/War,1
Action/Romance/Sport,1
Family/Mystery/Romance,1
Game-Show/Talk-Show,1
News/Reality-TV,1
Comedy/Crime/Western,1
Action/Biography/Thriller,1
Horror/Reality-TV/Thriller,1
Documentary/Music/War,1
Comedy/Horror/Talk-Show,1
Adventure/Romance/War,1
Documentary/Music/Sport,1
Biography/Fantasy,1
Fantasy/Musical/Mystery,1
Fantasy/Horror/Western,1
Adventure/Documentary/Sci-Fi,1
Game-Show/Horror,1
Comedy/Short/Western,1
Comedy/Family/Drama/Romance,1
Animation/Fantasy/Musical,1
Mystery/Reality-TV/Sci-Fi,1
Animation/Documentary/Musical,1
Fantasy/Mystery/Short,1
Comedy/History/Music,1
Action/Short/Thriller,1
Musical/Thriller,1
Fantasy/Music,1
Animation/Short/War,1
Family/Sci-Fi/Thriller,1
Crime/Family/Sci-Fi,1
Documentary/News/Talk-Show,1
Drama/Mystery/Reality-TV,1
Adult/Comedy,1
Crime/TV Movie/Thriller/Mystery,1
Adult/Drama,1
History/Drama,1
Comedy/Drama/Romance/Music,1
Action/Horror/Western,1
Action/Sci-Fi/Short,1
Biography/Thriller/Western,1
Family/Documentary/Reality,1
Family/War,1
Documentary/News/War,1
Comedy/Documentary/Short,1
Comedy/Music/Sci-Fi,1
Documentary/Music/Reality-TV,1
Family/Kids/Animation,1
Documentary/History/Romance,1
Adventure/Crime/History,1
Biography/Talk-Show,1
Adventure/Sport,1
Adventure/Romance/Sport,1
Drama/Comedy/Horror,1
Biography/War,1
Comedy/Documentary/Romance,1
Comedy/History/Talk-Show,1
Adventure/Biography/Western,1
Drama/Mystery/Sport,1
History/Thriller/War,1
Crime/Drama/Game-Show,1
Documentary/Fantasy/Music,1
Documentary/Family/Romance,1
Animation/Documentary/Fantasy,1
Mystery/Sci-Fi/Short,1
Drama/Musical/Sci-Fi,1
History/Sport/Thriller,1
Drama/Musical/Western,1
Comedy/Sport/Talk-Show,1
History/Romance/War,1
Biography/Comedy/Game-Show,1
Comedy/Documentary/Sci-Fi,1
Crime/Short/Thriller,1
